product,qantity,mrp_per_pro,id
mango,10,388,9
toothpaste,28,291,19
grapes,30,375,3
bulb,42,61,12
books,32,97,15
grapes,23,434,20
table,13,409,1
balloons,6,309,4
plants,12,391,20
bulb,45,393,20
rice,46,82,1
apple,26,107,4
toothpaste,18,262,5
iron,22,285,10
tops,25,311,13
bottle,46,222,1
apple,48,302,4
plants,48,259,3
mobile,17,335,9
laptop,45,372,14
toothpaste,50,428,11
mango,21,421,19
ball,25,138,3
pant,18,465,7
earphone,26,299,10
slipper,15,148,5
balloons,26,292,7
bulb,45,463,9
copy,41,340,2
pen,26,192,3
apple,24,355,7
grapes,48,388,11
toothpaste,42,412,20
mobile,26,298,9
tshirt,50,439,14
mobile,50,305,3
bottle,19,423,9
,24,356,14
toothpaste,3,464,19
rice,16,441,11
tshirt,46,402,1
shirt,8,237,2
,34,350,15
earphone,23,420,19
apple,40,108,4
bottle,1,373,15
bed,39,80,11
watch,4,462,20
pipe,18,92,17
pulse,42,183,4
balloons,22,87,5
bottle,38,360,10
iron,33,200,13
iron,18,162,2
plants,1,345,7
rice,19,179,8
wire,26,359,2
pulse,1,83,14
shoes,41,381,13
copy,48,155,13
rice,29,299,6
wire,8,487,2
iron,28,155,1
rice,25,110,1
copy,29,458,7
pencil,50,439,5
iron,16,118,13
watch,44,480,16
frames,46,238,3
bed,41,178,16
books,32,102,10
copy,6,59,2
shoes,22,213,6
shirt,31,96,11
bottle,2,97,12
earphone,9,334,11
books,46,152,3
pant,45,250,6
pencil,8,272,3
mango,26,328,8
books,50,441,4
tshirt,2,264,16
pencil,15,499,19
chair,39,260,3
grapes,15,248,13
pen,6,145,13
table,14,153,4
pipe,7,344,12
toothpaste,16,85,17
mobile,13,107,1
rice,27,355,13
chair,44,256,16
apple,11,291,13
shoes,8,345,4
bottle,12,324,11
pant,26,73,20
wire,33,248,15
books,45,398,16
watch,28,109,20
tshirt,48,294,10
plants,41,401,6
tops,13,154,11
pipe,42,490,16
pen,50,156,4
slipper,23,396,20
pipe,5,466,9
shirt,16,340,9
pencil,23,461,2
pipe,26,246,5
tshirt,29,383,18
shirt,44,371,2
wire,32,375,4
wire,1,457,17
bottle,2,96,14
pencil,1,393,3
iron,38,390,5
pulse,29,436,19
books,10,323,4
earphone,42,329,15
ball,7,373,9
iron,28,326,3
mobile,18,80,4
copy,25,232,14
wire,26,349,15
watch,44,418,7
toothpaste,32,164,18
ball,11,378,15
iron,4,300,16
mobile,31,211,7
books,9,297,4
wire,43,235,17
mango,10,246,6
apple,45,128,13
,43,51,13
grapes,20,113,5
books,16,104,15
pant,11,189,3
copy,40,464,6
frames,35,210,12
grapes,31,166,19
mobile,30,101,1
tops,15,138,6
rice,1,325,3
bottle,35,292,12
slipper,22,253,17
grapes,20,315,15
tops,35,451,2
apple,3,217,2
pant,31,101,14
plants,5,395,12
grapes,5,280,8
tshirt,31,314,10
bulb,17,187,14
wire,32,431,8
mango,43,179,6
tshirt,7,65,11
chair,8,331,20
laptop,30,278,7
bulb,5,237,9
tops,4,460,18
pulse,21,145,18
iron,13,82,10
books,43,184,7
copy,23,227,17
apple,27,317,17
ball,12,141,14
apple,3,459,6
pencil,1,309,20
mango,6,478,3
laptop,40,124,5
balloons,35,206,20
books,18,381,5
pen,36,227,19
wire,19,485,18
copy,15,305,2
bed,6,51,15
bulb,2,175,6
table,10,201,13
wire,18,70,9
shoes,39,62,17
mobile,7,224,1
rice,36,178,4
ball,44,165,2
toothpaste,45,201,5
ball,38,426,13
table,7,417,18
balloons,23,148,3
mango,44,236,4
earphone,42,104,12
toothpaste,3,111,14
watch,32,230,10
wire,33,64,18
copy,30,308,20
mango,27,67,18
mobile,39,76,5
pulse,50,465,19
earphone,9,347,3
mango,20,382,5
mobile,38,273,13
shoes,14,459,13
wire,20,495,8
watch,48,381,5
tshirt,35,223,18
copy,13,340,5
earphone,18,189,16
pulse,36,253,13
watch,4,452,13
pencil,37,58,13
pulse,18,398,8
earphone,26,187,11
grapes,2,376,18
mango,15,269,14
tops,46,318,9
tshirt,44,395,12
pipe,41,239,8
laptop,49,83,5
slipper,36,118,5
slipper,41,417,5
copy,7,201,7
pen,27,288,16
chair,13,79,18
bottle,49,481,8
balloons,2,390,14
slipper,7,253,10
pant,50,373,17
mango,18,220,10
watch,50,277,16
tops,3,248,3
rice,44,93,5
chair,16,245,4
bed,21,398,15
mango,43,468,12
laptop,1,52,10
mango,41,413,17
pencil,45,330,5
books,18,455,7
iron,25,396,8
bulb,24,155,13
copy,5,431,2
chair,3,64,6
bottle,28,391,6
mango,14,473,19
mobile,43,483,7
frames,23,441,4
shirt,47,276,15
tops,4,472,4
mango,5,163,10
laptop,45,365,19
tops,42,71,20
frames,40,480,19
iron,9,340,18
iron,3,173,5
toothpaste,36,481,20
toothpaste,39,104,14
plants,25,237,16
iron,24,81,1
watch,47,148,15
bottle,15,270,3
mango,26,254,11
wire,19,233,6
toothpaste,36,308,2
shirt,30,208,12
chair,22,494,12
chair,47,181,19
pencil,27,341,9
pulse,6,89,8
wire,26,477,18
copy,27,226,2
earphone,40,407,8
pulse,44,235,14
mobile,32,430,10
shirt,29,405,18
chair,32,130,4
laptop,18,178,1
tshirt,11,139,10
pipe,49,75,20
rice,23,257,18
apple,16,424,12
pipe,12,179,7
laptop,29,176,16
plants,2,305,20
,50,73,16
tops,43,274,20
tops,24,405,10
bulb,18,381,6
grapes,5,291,18
chair,11,140,13
earphone,3,422,16
shoes,50,213,14
pant,32,50,13
wire,4,67,10
pencil,10,275,9
iron,19,308,12
ball,32,469,7
bed,34,268,17
shirt,37,85,10
pant,42,413,17
shirt,17,202,18
ball,10,434,3
pant,28,108,1
frames,50,340,12
laptop,12,233,8
watch,50,322,19
bottle,5,203,12
watch,16,231,16
rice,13,143,1
bottle,10,58,9
pant,42,366,2
shoes,47,176,6
books,3,395,6
shoes,1,387,12
mango,24,193,12
wire,35,162,17
balloons,38,407,13
pulse,49,272,20
pipe,11,127,2
plants,43,193,17
pencil,20,61,8
copy,1,237,19
apple,41,179,8
pulse,5,373,12
rice,10,137,1
shirt,9,419,15
iron,32,410,17
apple,9,54,12
chair,29,467,2
balloons,16,483,16
plants,4,273,12
shirt,30,386,16
bulb,30,415,8
books,18,146,8
pipe,8,362,6
tshirt,50,50,20
copy,24,277,20
table,30,369,18
rice,23,98,20
books,35,318,17
books,9,461,2
iron,33,489,1
balloons,4,212,18
iron,35,158,17
iron,1,307,19
frames,14,463,5
apple,9,100,1
grapes,31,372,12
mango,32,430,13
apple,29,61,13
pant,10,146,5
,48,451,10
apple,6,162,17
books,9,275,5
bed,25,213,12
copy,10,348,17
pulse,25,331,14
pipe,16,486,9
laptop,23,295,14
shoes,20,176,17
mango,16,301,18
tshirt,3,463,8
wire,33,189,2
rice,29,289,19
bottle,14,193,19
pant,35,441,12
shirt,27,372,17
balloons,18,372,16
balloons,16,276,15
plants,41,146,15
mobile,23,412,6
frames,42,90,13
pipe,21,112,1
shirt,9,167,18
slipper,10,394,10
pencil,50,315,12
shoes,23,52,5
bulb,41,311,5
earphone,2,412,10
tshirt,14,332,13
pencil,44,450,5
plants,5,137,11
pant,44,155,9
copy,27,150,19
laptop,22,89,12
shoes,13,176,8
grapes,23,140,5
chair,18,317,5
pulse,24,270,1
books,46,458,13
mobile,11,404,9
slipper,32,404,12
pipe,32,480,19
pipe,32,141,6
,21,457,8
pen,47,233,8
,48,277,13
tops,20,221,10
,47,471,19
table,33,240,18
iron,12,403,13
watch,17,173,13
pant,11,150,10
wire,16,135,1
frames,9,134,20
pencil,42,115,9
shirt,1,59,1
watch,10,356,1
grapes,1,365,6
mobile,40,430,10
pulse,48,468,16
laptop,49,471,2
earphone,1,327,6
copy,19,378,4
pencil,48,500,14
bottle,43,358,16
,33,410,1
chair,24,125,14
chair,34,142,7
copy,3,113,14
books,41,67,7
iron,28,283,11
iron,24,167,13
bed,48,490,9
earphone,8,153,20
wire,22,193,2
bottle,37,490,5
tshirt,17,288,12
pipe,50,58,9
mobile,34,257,12
pant,19,70,8
pulse,14,184,7
mango,29,213,1
ball,48,82,2
copy,7,348,4
pulse,2,236,1
pant,49,371,10
wire,48,170,15
,42,473,3
frames,4,185,15
pulse,17,65,17
watch,44,152,11
plants,38,88,12
bulb,39,285,1
bulb,10,457,15
,21,132,17
plants,10,145,14
pen,48,447,7
pencil,40,76,9
laptop,17,149,10
chair,1,472,1
pant,22,413,15
rice,12,333,5
bottle,20,420,10
pencil,10,198,16
laptop,23,167,6
apple,10,409,17
laptop,7,131,11
bottle,30,287,17
toothpaste,39,171,12
toothpaste,28,382,18
mobile,12,303,1
rice,6,79,10
earphone,44,228,12
mango,21,68,13
pen,19,129,4
pulse,8,420,6
rice,21,399,17
mango,34,305,12
mango,16,470,14
mobile,48,231,5
slipper,14,329,8
pen,29,146,16
ball,37,312,5
shirt,30,378,11
slipper,11,450,5
iron,21,361,6
copy,29,466,7
shirt,35,212,13
wire,20,75,12
slipper,35,384,3
shirt,32,392,6
pulse,10,132,20
rice,31,181,14
slipper,13,268,3
copy,45,389,12
bed,17,166,15
iron,40,128,12
tshirt,45,132,13
copy,16,218,17
mango,46,189,11
balloons,5,332,5
plants,38,238,6
wire,30,458,10
chair,1,334,2
frames,10,422,1
wire,40,136,7
pencil,40,103,19
books,28,145,6
pen,46,77,13
slipper,36,299,18
pencil,41,149,15
earphone,24,101,19
watch,34,184,20
watch,35,269,20
ball,25,103,6
balloons,9,224,19
plants,22,105,6
laptop,50,270,20
watch,31,181,9
wire,34,276,17
watch,15,397,8
bulb,37,179,2
frames,38,113,13
frames,49,366,2
grapes,17,380,17
pipe,30,445,20
pulse,38,469,2
apple,26,472,2
mobile,46,457,2
balloons,28,93,12
bulb,30,386,13
frames,11,123,8
pulse,43,430,11
mango,32,215,20
toothpaste,40,413,16
shirt,3,217,19
shirt,36,153,20
bed,6,100,10
pen,27,92,16
books,34,338,4
toothpaste,45,494,6
pipe,25,424,2
apple,49,125,3
rice,12,479,2
tshirt,9,209,6
frames,27,488,7
tops,28,298,9
shirt,33,493,14
shirt,6,177,13
copy,47,107,6
chair,45,78,19
mango,4,449,12
iron,9,227,16
bulb,31,401,9
iron,5,316,20
pipe,47,344,4
tops,13,304,17
pen,50,400,11
bed,31,119,10
frames,30,442,5
pipe,35,395,18
bed,36,345,9
slipper,12,325,17
tshirt,40,344,7
table,29,273,12
plants,15,224,2
tshirt,28,162,14
bed,14,239,9
rice,11,237,18
shirt,48,196,2
chair,28,435,19
plants,32,453,19
pencil,50,373,13
ball,17,203,7
table,47,115,8
mango,38,235,6
tops,25,333,10
chair,29,222,2
pant,4,272,17
shirt,7,97,12
apple,48,433,3
plants,32,395,5
mobile,49,111,14
bed,7,471,6
bottle,50,80,14
pen,42,165,15
frames,1,375,17
bulb,3,273,16
books,13,405,10
pulse,37,228,20
pen,47,286,11
slipper,37,405,9
bulb,46,496,9
pencil,38,64,20
iron,2,389,10
mango,44,337,18
toothpaste,41,94,15
bulb,14,477,13
wire,39,144,11
apple,24,478,18
wire,10,179,4
bulb,23,130,14
,40,473,18
chair,33,312,4
copy,8,213,20
bed,42,229,19
tops,9,154,19
watch,48,479,18
apple,5,478,15
pipe,43,189,18
earphone,5,313,13
balloons,18,219,16
books,15,474,7
ball,46,165,1
table,35,370,13
table,25,171,9
toothpaste,35,138,6
shirt,2,217,8
watch,43,275,11
frames,14,190,20
ball,2,252,18
balloons,17,157,3
shoes,17,321,11
plants,3,272,9
bulb,29,360,17
apple,24,203,8
rice,16,87,1
apple,30,114,14
earphone,15,104,5
chair,15,185,4
wire,20,251,1
earphone,2,275,2
copy,42,196,19
toothpaste,45,296,8
mango,26,226,6
tops,6,86,4
pulse,27,76,19
pulse,1,119,11
bottle,23,322,20
pulse,7,238,12
pencil,7,289,18
laptop,32,491,2
apple,21,358,19
,39,283,12
pipe,43,274,9
watch,15,231,20
tops,4,387,10
pen,50,276,8
mango,8,125,18
laptop,27,456,10
shoes,38,155,17
watch,20,343,6
ball,48,246,20
shoes,24,134,15
mango,1,96,8
plants,31,400,20
mango,41,332,11
mango,25,197,1
shirt,37,392,6
pulse,24,304,19
ball,39,107,2
iron,33,299,3
earphone,12,379,2
,17,146,19
mobile,13,146,8
ball,13,260,18
table,18,402,19
pant,7,175,19
plants,16,241,1
pulse,27,326,20
earphone,49,261,11
table,43,245,19
bulb,5,123,19
bulb,36,403,20
balloons,16,437,12
iron,3,323,14
balloons,16,61,6
ball,37,348,7
bottle,26,263,11
bottle,35,259,16
plants,24,297,11
pen,21,458,18
table,34,148,1
earphone,1,461,8
pulse,4,389,17
mango,41,78,4
pen,45,328,13
books,40,234,16
shirt,12,201,11
pulse,34,121,20
wire,11,452,16
pencil,45,288,14
bulb,22,348,2
pipe,48,336,9
mobile,29,459,4
wire,49,157,11
plants,42,89,13
tops,31,218,6
apple,16,338,13
tops,16,458,9
pen,12,286,17
books,36,353,17
frames,48,210,17
pencil,5,220,3
earphone,6,118,2
earphone,6,455,9
pencil,36,363,19
grapes,20,239,7
wire,5,369,10
wire,20,241,17
tshirt,2,192,6
wire,15,205,20
frames,42,197,5
pencil,47,271,12
books,42,76,7
ball,47,413,6
bottle,13,136,7
shirt,10,133,16
wire,15,394,11
apple,11,156,2
ball,37,261,16
shirt,13,213,5
watch,29,340,20
ball,16,138,9
mango,31,412,18
frames,40,312,7
,3,287,3
pant,7,338,9
bulb,47,411,13
bottle,14,367,12
frames,34,208,4
earphone,7,187,15
bulb,25,194,8
earphone,42,498,19
toothpaste,19,125,12
apple,23,52,7
grapes,10,62,4
slipper,15,390,14
watch,16,476,20
tshirt,31,481,19
pipe,17,359,14
frames,46,327,16
iron,37,265,14
toothpaste,9,473,12
pen,6,471,10
mobile,41,237,11
pulse,17,140,11
frames,18,287,15
iron,23,398,10
balloons,37,273,19
mobile,35,315,5
pulse,9,494,18
,3,232,16
mobile,38,256,1
pipe,8,166,10
shirt,13,226,11
ball,28,72,10
earphone,28,428,17
chair,23,303,10
tops,10,198,20
mobile,24,62,6
books,39,298,5
pipe,8,255,9
tops,17,381,2
pipe,18,413,20
grapes,10,497,1
rice,35,110,13
chair,11,387,17
bed,43,151,7
tshirt,37,344,12
watch,14,495,1
copy,14,444,3
iron,23,277,6
laptop,7,467,8
frames,8,298,5
earphone,47,500,13
laptop,9,106,15
table,43,121,16
grapes,45,169,10
table,40,315,17
apple,18,186,3
pulse,3,443,1
grapes,34,94,18
apple,15,108,3
mango,37,273,8
ball,26,129,5
tops,3,402,15
pencil,40,69,14
plants,21,324,6
books,38,226,16
pulse,25,478,9
tshirt,45,491,15
slipper,38,399,5
pant,43,441,15
pen,12,385,6
pant,45,436,7
pencil,46,81,7
iron,40,127,15
mango,35,117,13
frames,43,67,1
frames,41,468,4
chair,20,228,18
pencil,43,74,2
books,11,85,19
iron,49,359,18
wire,6,287,7
grapes,24,329,7
pipe,21,430,4
chair,48,51,6
tshirt,19,285,2
chair,4,59,2
copy,42,296,14
watch,23,326,4
earphone,30,482,18
mobile,19,384,16
ball,18,122,5
books,44,117,14
mobile,18,392,17
bottle,46,260,16
pencil,16,417,8
chair,27,206,17
wire,47,115,20
table,21,372,7
,38,473,19
frames,33,377,10
chair,24,426,17
shoes,36,310,14
laptop,5,446,18
balloons,13,109,11
mobile,4,294,14
tops,49,226,5
shirt,15,316,7
rice,25,53,12
pulse,36,77,6
shoes,35,208,13
tops,6,222,14
earphone,36,390,19
tops,19,196,18
frames,18,218,11
grapes,41,397,17
watch,32,283,7
shirt,4,380,17
laptop,50,71,8
frames,40,457,7
copy,49,343,8
,46,207,6
frames,39,211,1
chair,42,134,20
slipper,46,215,9
tops,31,333,5
pen,49,449,4
grapes,37,444,2
wire,5,151,2
pulse,7,129,4
wire,37,75,15
toothpaste,5,496,4
,23,191,16
copy,14,321,14
watch,34,93,5
pulse,12,453,1
mobile,12,305,13
,5,393,4
watch,10,269,5
laptop,32,157,9
shirt,48,60,17
shirt,39,97,6
pen,5,159,1
pen,35,246,9
shoes,27,63,4
pen,7,476,10
pant,10,285,1
iron,1,171,3
balloons,18,282,19
table,21,181,5
laptop,1,239,11
pulse,28,245,10
tops,7,275,10
pulse,47,172,19
books,50,472,11
iron,35,301,2
balloons,26,62,18
books,14,459,2
bottle,10,250,9
bottle,18,258,15
frames,4,421,5
toothpaste,2,490,13
bulb,5,180,16
shoes,26,152,18
tops,1,296,17
shoes,10,474,10
frames,42,213,17
pulse,22,64,19
,1,238,5
rice,9,413,10
frames,49,198,4
tops,14,269,10
slipper,47,367,3
pant,22,268,7
plants,38,357,17
plants,16,240,16
rice,46,96,5
ball,41,164,14
table,43,270,7
pulse,32,193,10
iron,46,467,8
pencil,41,169,6
watch,20,404,16
pulse,43,150,2
apple,26,135,7
shirt,38,330,4
copy,31,228,10
pipe,37,422,9
wire,38,382,17
ball,14,152,17
mobile,7,156,18
tshirt,37,50,12
mango,49,231,20
bottle,35,274,13
toothpaste,24,476,17
bulb,35,164,18
rice,45,315,7
slipper,29,391,12
,48,141,5
books,11,107,18
mobile,22,341,9
bulb,24,348,20
pipe,41,340,12
bottle,13,277,4
wire,19,420,1
pipe,6,192,7
tshirt,13,68,17
pulse,33,258,14
,22,493,1
chair,3,152,17
pencil,42,238,13
rice,44,84,18
pulse,19,456,7
slipper,6,67,18
apple,18,138,1
frames,9,289,8
bulb,17,450,6
bed,46,475,3
bed,22,85,5
frames,47,172,9
shirt,44,177,6
watch,25,382,19
iron,13,178,12
watch,7,235,11
bed,27,224,20
shirt,40,442,14
bed,28,469,1
bottle,26,305,18
laptop,27,414,19
pulse,4,355,3
mobile,9,152,15
table,7,289,18
table,18,372,7
mobile,11,137,15
,16,442,10
pant,49,196,5
apple,19,405,18
,20,381,19
balloons,16,142,11
earphone,19,151,11
watch,38,245,6
shoes,20,199,13
slipper,37,218,18
table,22,412,15
shirt,30,190,1
chair,48,106,1
wire,13,201,13
bottle,20,199,7
apple,39,250,18
bed,5,157,4
grapes,40,144,14
pant,46,230,19
,2,135,19
table,43,460,9
mango,11,263,7
mobile,14,110,3
tshirt,21,478,11
wire,1,274,18
books,46,167,14
slipper,40,353,11
shirt,2,440,2
toothpaste,14,377,10
pant,22,250,10
table,24,314,15
pant,11,449,7
plants,43,150,4
rice,20,493,14
tops,43,421,5
books,3,433,2
copy,23,321,1
earphone,29,151,16
slipper,14,199,12
earphone,30,229,1
tops,21,147,10
balloons,18,87,2
pencil,43,423,3
pen,6,377,2
slipper,50,168,13
tops,12,248,12
balloons,41,438,9
tshirt,36,258,3
rice,6,346,14
grapes,33,429,17
wire,8,248,7
shoes,9,320,4
shirt,49,237,20
ball,5,279,19
frames,38,141,10
shoes,8,81,7
copy,8,481,1
bed,1,377,6
pant,34,186,15
table,22,394,18
bulb,31,441,9
bulb,41,425,19
pipe,22,59,8
mobile,8,160,18
ball,12,284,19
watch,12,232,8
watch,22,58,2
mobile,22,443,15
grapes,37,171,17
grapes,5,255,16
balloons,49,214,15
wire,25,478,2
wire,34,305,8
tshirt,24,256,20
bed,25,268,16
balloons,15,432,18
plants,21,67,17
rice,20,218,14
grapes,19,396,5
tops,48,95,3
pencil,35,340,18
plants,5,455,1
toothpaste,12,409,3
ball,43,410,17
pant,40,314,18
bulb,21,269,19
shoes,5,201,5
wire,37,191,15
table,37,411,3
copy,35,383,8
toothpaste,17,397,16
wire,26,197,15
plants,2,458,1
apple,14,396,20
bed,47,334,18
watch,21,374,15
bulb,7,396,5
wire,26,79,1
books,18,382,6
books,38,270,19
laptop,23,382,3
earphone,44,459,5
pencil,29,171,1
,10,164,4
rice,23,164,20
pipe,30,289,3
bottle,35,299,7
iron,1,337,18
iron,45,391,11
shirt,4,384,20
balloons,48,209,19
ball,44,475,1
books,25,412,20
toothpaste,22,469,11
pencil,5,177,17
apple,3,156,15
table,15,86,17
pipe,1,294,1
mango,47,462,2
earphone,36,81,12
pencil,31,268,13
table,26,264,9
bulb,5,258,1
tops,32,388,10
laptop,10,225,14
iron,26,181,1
iron,46,153,4
iron,11,122,16
ball,17,422,6
apple,22,94,14
copy,19,338,1
grapes,6,51,19
watch,47,67,12
frames,50,309,8
shirt,14,481,7
slipper,40,306,10
pencil,22,413,7
iron,14,58,9
watch,23,190,20
plants,15,412,18
frames,26,467,19
wire,34,380,6
pencil,1,445,4
bulb,12,241,19
toothpaste,28,143,4
earphone,48,317,18
shoes,12,466,14
books,24,443,17
bed,21,270,7
books,38,136,15
laptop,30,443,8
mango,10,398,8
mobile,39,323,1
balloons,44,248,11
tops,15,66,3
pencil,49,166,19
shirt,33,167,17
pant,43,58,16
bulb,10,70,11
rice,46,370,9
shoes,40,245,15
frames,43,233,18
iron,3,256,13
bottle,13,217,20
books,10,278,17
balloons,19,451,3
laptop,48,479,13
pipe,4,432,5
bulb,4,147,3
tops,23,192,9
grapes,16,362,6
tops,9,158,12
,20,205,15
wire,7,233,18
slipper,37,221,10
tshirt,49,299,11
frames,44,165,10
pen,27,157,8
apple,41,361,8
tshirt,15,360,13
apple,27,189,1
tshirt,13,493,8
pulse,37,379,3
wire,11,190,1
wire,37,272,5
grapes,43,419,1
bottle,8,196,15
table,28,232,5
shoes,17,182,15
laptop,5,120,4
apple,8,330,3
rice,32,317,6
apple,13,160,2
slipper,45,153,5
pant,6,180,14
pant,37,462,3
pen,50,470,3
bulb,9,254,9
mango,39,418,16
bottle,14,174,20
pulse,19,143,17
pipe,25,152,11
pencil,6,219,20
,3,185,4
earphone,31,264,15
shirt,33,154,1
pencil,44,361,6
laptop,4,268,5
table,49,424,15
watch,31,143,16
bottle,37,395,6
apple,35,440,8
table,25,406,4
pipe,33,125,10
tops,27,52,19
chair,1,78,7
bed,19,95,11
pencil,35,493,20
pen,4,466,9
tops,33,225,12
rice,30,281,6
,22,304,2
chair,29,56,15
pencil,39,171,20
frames,27,65,8
bulb,14,79,17
pencil,21,205,8
shirt,23,492,18
tshirt,16,379,20
laptop,41,345,19
chair,37,320,2
pulse,9,139,15
earphone,23,342,9
rice,4,155,11
grapes,35,266,3
pulse,32,317,2
apple,10,294,9
pen,29,399,14
slipper,38,127,9
pipe,4,109,14
grapes,17,421,15
slipper,46,293,12
earphone,4,131,9
bed,22,284,1
books,17,168,17
balloons,31,149,6
bulb,12,206,8
bulb,34,316,10
rice,2,290,3
books,48,348,13
rice,50,104,6
shirt,5,141,18
pencil,36,452,18
table,50,218,4
rice,14,427,2
chair,44,345,18
rice,45,483,10
copy,10,290,19
watch,43,52,6
toothpaste,39,391,13
apple,11,219,18
bulb,32,459,5
bulb,11,352,16
pencil,35,69,7
shoes,14,263,20
pant,11,315,4
books,36,163,8
tops,14,343,11
bulb,34,126,6
pulse,43,453,10
bed,22,193,2
iron,25,266,18
bulb,30,187,6
table,16,315,7
copy,6,78,15
pipe,46,223,7
pulse,43,451,13
apple,27,75,19
earphone,6,88,15
grapes,42,126,4
bulb,4,146,13
laptop,44,302,2
plants,41,119,5
,34,169,5
chair,17,446,3
grapes,27,104,20
tops,27,246,4
copy,48,282,14
laptop,19,399,5
pen,26,446,18
ball,12,185,14
pen,12,127,12
chair,15,102,5
pant,34,495,4
plants,29,133,15
plants,24,259,12
apple,36,270,20
tshirt,10,339,17
iron,47,488,11
tshirt,47,135,8
watch,39,329,7
mango,22,50,9
copy,37,262,15
,27,134,13
,27,371,14
apple,18,161,19
slipper,28,399,12
laptop,30,496,4
books,21,112,1
apple,49,278,7
tshirt,6,61,8
balloons,30,207,14
frames,44,250,20
iron,6,266,12
bottle,11,183,16
laptop,18,238,14
pulse,5,264,17
pipe,46,244,4
bed,48,92,1
tshirt,19,336,16
,35,155,18
shoes,5,252,4
pant,5,307,9
bulb,28,405,20
pipe,33,448,5
balloons,27,361,19
chair,40,461,3
tops,46,475,18
grapes,46,365,9
frames,31,191,20
copy,26,387,3
shoes,17,109,2
watch,39,308,18
table,8,341,4
pipe,8,417,17
pencil,22,302,4
mobile,38,241,6
balloons,44,208,18
pen,8,141,16
frames,40,374,11
ball,44,336,6
ball,44,136,12
pulse,42,330,20
grapes,3,143,15
balloons,38,137,14
bulb,17,118,1
pulse,28,427,13
ball,26,327,8
pipe,32,384,2
laptop,16,304,20
balloons,12,306,1
ball,22,439,12
apple,48,254,1
tops,3,86,5
,36,496,17
plants,32,158,12
rice,45,317,1
tops,1,70,16
table,24,259,12
pen,23,105,1
iron,44,50,11
apple,13,83,7
laptop,26,396,20
pencil,5,93,10
bottle,26,381,8
bulb,42,242,18
wire,36,391,9
bottle,31,480,20
plants,26,359,2
table,4,51,16
ball,47,337,5
frames,23,324,12
bulb,3,278,19
copy,2,376,4
pant,41,296,18
mobile,13,145,19
wire,21,109,6
laptop,37,319,14
pencil,46,454,14
mango,28,371,11
,11,146,4
wire,49,151,3
,27,169,6
pulse,44,56,14
bulb,3,480,20
wire,18,95,18
tops,37,82,9
pant,33,57,19
balloons,7,272,16
frames,21,312,7
earphone,15,392,7
bed,13,82,16
slipper,50,285,12
earphone,9,382,8
apple,41,305,20
pant,23,66,15
pipe,43,461,18
tops,20,450,13
balloons,45,250,14
iron,16,457,7
mango,18,470,7
,19,288,3
pant,33,64,7
bottle,23,342,1
plants,40,341,3
pulse,36,225,5
grapes,45,395,3
pant,49,161,20
pulse,13,437,11
frames,5,109,2
rice,39,315,16
,36,371,16
table,37,129,10
watch,40,409,8
chair,47,234,3
iron,43,150,18
books,9,453,14
watch,39,483,6
pencil,41,357,1
mango,15,75,3
tshirt,1,374,14
tshirt,34,382,5
shoes,21,303,6
bed,49,303,13
shirt,3,161,4
bulb,42,131,9
,19,234,16
apple,32,230,19
laptop,11,98,11
watch,7,472,5
toothpaste,43,281,9
wire,32,225,16
wire,4,456,8
frames,31,243,13
pipe,45,114,8
shirt,27,269,1
toothpaste,35,208,2
apple,4,338,1
balloons,23,302,19
mango,14,160,12
table,9,233,19
wire,10,395,3
mobile,5,83,11
copy,42,55,20
grapes,41,247,14
watch,49,441,18
pulse,25,272,19
mobile,3,79,8
toothpaste,2,467,12
pen,16,361,4
pulse,46,68,11
pulse,32,125,13
watch,18,220,6
mango,30,479,16
slipper,15,317,1
mobile,6,260,1
ball,34,451,4
tops,24,451,15
pulse,20,238,20
pencil,43,369,4
grapes,19,357,18
rice,37,271,7
toothpaste,19,431,14
laptop,46,479,19
laptop,50,171,3
mobile,28,452,20
pulse,8,89,6
pen,24,253,12
books,47,457,9
ball,17,262,20
toothpaste,42,356,1
pant,38,167,20
bulb,49,68,13
toothpaste,45,86,20
laptop,12,439,15
shirt,19,132,14
balloons,48,52,1
toothpaste,35,158,10
bed,36,300,2
ball,31,63,12
bed,17,192,1
bulb,41,273,10
balloons,39,370,19
wire,35,113,4
plants,41,156,14
pen,32,366,10
slipper,44,290,1
laptop,6,290,3
tops,18,497,8
bottle,37,233,5
table,1,116,18
laptop,28,500,15
mobile,22,444,15
bed,44,440,17
pipe,22,295,7
pen,38,235,12
bottle,13,493,2
bulb,9,146,15
bottle,22,280,10
pulse,12,106,11
,18,286,3
shoes,22,134,11
table,26,164,16
bulb,20,105,15
mobile,41,328,4
laptop,12,223,13
slipper,8,355,19
grapes,1,62,4
toothpaste,22,409,12
bulb,30,82,1
pulse,16,401,5
balloons,49,444,17
watch,4,250,15
mobile,6,122,15
ball,38,415,14
bulb,19,354,11
mobile,31,327,1
bulb,39,420,9
shirt,34,114,6
pulse,38,351,11
ball,45,303,2
frames,10,143,9
pencil,14,75,18
balloons,3,414,20
earphone,30,206,9
bed,29,198,11
bulb,21,436,4
tshirt,1,401,3
pen,35,61,7
pipe,39,125,10
bulb,32,230,17
copy,3,433,15
toothpaste,3,352,2
pen,40,61,10
books,9,168,2
plants,4,153,19
pipe,24,138,5
bulb,9,389,6
bottle,12,299,14
pencil,44,262,1
bed,48,118,18
wire,6,103,10
balloons,4,83,18
bulb,2,153,19
toothpaste,50,208,16
laptop,46,152,19
iron,13,311,12
rice,2,160,3
toothpaste,9,314,13
bottle,13,202,2
bed,14,399,6
table,29,417,6
bottle,50,58,14
,23,392,17
ball,3,234,3
earphone,11,50,5
plants,20,496,17
watch,18,207,7
laptop,16,156,11
pant,41,81,9
ball,50,235,3
table,26,237,1
bottle,10,98,18
tshirt,27,132,18
plants,39,432,9
copy,32,93,18
bottle,1,273,10
,4,154,17
tshirt,45,242,14
laptop,11,152,8
rice,26,257,18
bulb,29,365,17
pipe,50,401,14
table,23,429,2
pen,49,236,19
pulse,41,173,8
books,8,201,16
bed,31,482,3
pencil,22,144,2
bed,46,116,4
pulse,26,400,8
chair,49,360,8
pen,32,148,12
slipper,17,131,6
plants,23,304,18
table,9,290,15
table,17,495,18
balloons,21,130,4
ball,25,415,9
table,27,389,8
balloons,29,72,1
plants,13,252,7
bulb,25,303,7
pant,34,462,17
wire,7,323,3
grapes,31,245,20
bulb,48,118,17
grapes,48,451,14
copy,41,361,1
mobile,35,404,12
tops,18,340,18
ball,38,332,18
grapes,35,452,2
ball,17,128,15
bulb,11,431,11
apple,32,336,15
tops,18,78,12
ball,47,443,4
tops,4,246,11
toothpaste,38,311,15
mobile,23,217,1
chair,6,181,20
chair,36,370,19
pipe,38,473,19
plants,47,301,10
,31,364,8
plants,2,325,5
balloons,7,149,5
table,50,302,11
slipper,3,326,5
shoes,33,153,3
balloons,12,126,11
tshirt,7,215,20
rice,21,371,14
bulb,7,136,2
books,28,140,6
books,6,241,11
bed,10,216,5
pulse,34,350,18
iron,14,405,18
chair,50,257,6
earphone,37,470,5
pencil,23,138,1
bulb,43,212,1
bulb,30,150,13
chair,47,454,20
chair,9,205,19
laptop,1,120,8
tops,19,51,14
pant,20,334,4
copy,5,284,15
pulse,30,499,5
shirt,20,459,16
frames,28,349,17
grapes,41,97,6
rice,50,381,16
chair,46,294,14
mango,36,448,16
tshirt,50,130,11
tshirt,25,166,3
wire,25,353,14
toothpaste,10,120,12
chair,34,144,1
pen,27,331,2
pencil,25,260,1
pant,6,95,10
rice,12,186,16
slipper,4,352,13
rice,25,351,12
laptop,15,201,6
copy,24,369,14
pen,45,192,4
tshirt,9,290,4
tshirt,14,50,17
pipe,42,395,17
bulb,48,93,14
bottle,5,71,10
iron,5,416,15
plants,22,300,12
plants,32,415,3
mobile,15,472,9
pant,35,282,5
books,35,286,7
balloons,18,344,5
,21,341,17
bed,38,378,9
iron,12,233,18
tops,40,470,15
books,6,274,7
shirt,17,89,12
balloons,36,284,2
pencil,45,485,12
apple,25,266,20
shirt,41,260,8
rice,47,161,1
slipper,4,313,11
plants,37,183,3
tshirt,36,150,20
slipper,3,223,17
pencil,46,202,20
pen,33,313,1
pen,10,285,16
books,31,106,16
,18,425,18
apple,3,431,8
mango,17,474,19
pant,18,396,15
ball,15,421,4
copy,8,268,2
balloons,10,329,14
shirt,15,52,15
tops,43,398,19
shoes,33,176,8
apple,34,351,10
slipper,24,80,13
pulse,48,403,7
balloons,18,81,19
grapes,18,158,15
pant,24,107,12
pulse,29,357,2
chair,8,88,6
balloons,32,454,18
frames,30,354,19
,39,425,6
frames,35,180,11
copy,50,277,3
,30,215,14
toothpaste,21,293,1
,34,383,20
iron,41,199,4
laptop,45,140,8
laptop,4,340,14
pulse,28,208,15
earphone,5,476,15
watch,35,430,20
shoes,50,382,8
tshirt,10,472,16
table,47,341,8
bottle,22,322,18
bed,2,452,16
slipper,40,201,17
bottle,20,68,10
pipe,27,145,1
mango,10,104,20
toothpaste,47,332,11
bulb,8,61,10
shirt,8,250,17
pant,46,83,20
,25,66,10
plants,10,392,15
slipper,33,118,19
pant,7,336,10
table,18,175,9
pipe,15,260,19
books,45,207,4
mobile,40,105,13
copy,24,129,13
bed,37,401,13
bottle,10,466,14
bulb,11,349,16
bed,26,298,16
mobile,31,148,10
toothpaste,22,307,10
plants,22,449,13
copy,14,135,10
iron,38,254,7
watch,33,231,5
pulse,13,373,1
iron,15,113,1
grapes,43,271,9
frames,49,190,18
bottle,44,484,6
shirt,4,430,13
plants,2,416,14
pencil,20,129,15
ball,37,104,9
bottle,8,331,3
pant,50,343,7
table,27,236,13
pant,35,173,9
laptop,12,109,20
,24,338,18
bed,34,185,10
toothpaste,47,396,19
bed,11,270,11
pencil,27,418,7
watch,28,494,17
iron,34,409,19
books,2,451,15
bed,12,160,14
balloons,21,383,11
shoes,44,420,5
iron,40,187,8
laptop,48,372,7
chair,4,405,12
,26,220,1
bottle,9,302,3
pen,26,461,2
shoes,32,74,12
mango,4,362,4
pipe,7,227,19
bottle,34,117,14
bulb,21,126,16
tshirt,26,78,4
pulse,24,66,6
tops,20,305,2
pant,23,480,8
bed,24,201,10
pen,23,80,17
wire,33,458,2
grapes,39,149,8
pen,49,289,9
copy,22,125,19
pant,12,411,3
iron,49,138,6
pulse,32,221,2
pipe,7,114,16
earphone,38,66,8
,18,460,18
laptop,11,152,12
toothpaste,27,87,2
chair,33,460,16
wire,26,420,20
frames,42,451,4
slipper,50,302,19
books,50,490,14
shoes,39,457,3
rice,1,151,18
,21,170,12
watch,16,419,19
wire,3,214,6
shoes,16,251,13
laptop,15,479,14
copy,34,304,8
watch,37,119,20
,38,469,16
books,46,433,14
tshirt,36,219,13
slipper,36,384,4
slipper,49,98,20
watch,25,214,7
bulb,43,499,13
shoes,13,360,6
pulse,10,478,5
wire,43,129,11
wire,23,333,9
books,22,248,14
rice,6,126,20
rice,26,436,10
bottle,4,393,13
plants,47,75,1
earphone,30,493,5
tops,9,60,4
pipe,11,301,13
pant,3,484,4
mango,22,190,18
table,37,430,5
pipe,16,473,1
wire,1,360,13
iron,15,465,16
shoes,10,490,13
earphone,1,82,13
laptop,24,227,10
bed,48,83,6
iron,38,255,19
copy,19,101,7
books,3,369,1
mango,31,490,16
toothpaste,50,494,19
pen,10,72,10
slipper,24,140,1
rice,37,405,1
pencil,19,333,6
apple,46,296,16
pipe,8,234,9
earphone,50,343,7
bulb,22,297,14
plants,10,212,9
pen,40,255,10
shirt,45,78,6
pant,7,253,9
watch,47,157,16
watch,15,77,8
earphone,32,316,8
apple,7,70,12
watch,13,136,18
pen,11,478,14
tshirt,14,309,14
shoes,5,406,18
frames,31,183,12
,8,192,18
books,2,232,5
pen,19,90,4
,24,453,19
pant,20,158,12
pen,38,305,4
wire,10,311,10
tops,23,364,9
bed,19,190,16
bed,11,459,14
watch,20,383,18
bulb,43,146,15
tops,31,332,12
pen,38,267,3
apple,27,298,2
toothpaste,33,239,6
toothpaste,23,173,16
plants,43,261,11
pen,32,88,19
books,39,217,14
shoes,36,145,6
mango,30,419,6
frames,4,410,17
bottle,40,372,17
mango,19,479,17
wire,7,427,7
toothpaste,10,126,19
tshirt,4,128,10
frames,27,435,9
apple,47,150,4
laptop,39,211,5
slipper,32,374,15
frames,17,68,5
books,10,281,17
bottle,19,62,12
ball,47,488,3
tops,44,367,13
,13,374,14
table,37,340,15
ball,14,148,6
slipper,11,400,6
balloons,33,296,15
mango,23,390,15
pen,2,362,11
wire,8,481,6
tshirt,35,490,7
books,45,344,20
shoes,4,188,14
wire,46,73,8
mobile,19,200,15
slipper,2,246,9
bulb,5,285,11
table,39,228,10
iron,38,404,11
shoes,10,222,3
table,6,145,6
wire,43,231,11
table,18,209,20
earphone,13,449,11
rice,44,183,6
toothpaste,18,409,2
tops,33,231,2
tops,6,328,19
pipe,18,469,4
wire,47,442,13
,42,122,10
balloons,44,359,14
mango,19,98,1
pant,2,480,17
tshirt,3,132,19
bottle,17,492,3
pipe,10,379,7
pulse,30,344,16
rice,29,401,16
wire,17,338,16
balloons,1,90,5
shoes,49,187,7
earphone,18,279,5
frames,47,495,14
chair,45,442,4
iron,12,437,11
apple,29,148,13
pant,20,262,4
bottle,49,498,5
chair,10,246,20
ball,42,97,10
balloons,6,355,6
toothpaste,13,248,13
plants,5,169,19
watch,20,435,20
earphone,14,50,2
toothpaste,27,255,3
rice,44,265,2
toothpaste,45,224,1
apple,13,361,11
mango,9,56,5
pipe,9,170,5
shoes,47,62,4
books,48,416,6
tops,27,500,4
pant,4,141,10
pen,23,204,8
tops,20,264,11
table,31,272,5
iron,25,480,19
iron,22,370,1
pulse,21,465,6
tops,19,179,4
pulse,25,219,9
chair,7,382,4
copy,1,369,7
tops,23,213,18
bulb,6,98,12
tops,13,320,8
laptop,3,119,8
plants,16,292,6
iron,15,140,10
shirt,34,315,6
tops,48,223,7
bed,12,170,4
shirt,32,351,7
mobile,24,350,1
bulb,12,360,1
books,49,184,4
laptop,50,137,16
tshirt,1,75,4
earphone,15,461,9
copy,48,211,1
rice,23,93,14
iron,1,401,14
bulb,24,171,14
plants,28,322,17
copy,19,210,13
toothpaste,7,120,13
pulse,12,141,10
slipper,48,410,13
watch,23,53,20
copy,2,355,1
apple,32,465,20
tops,23,130,4
tops,7,135,20
tshirt,26,460,16
mobile,2,214,7
bed,21,58,16
chair,7,436,16
shoes,5,266,12
table,21,151,8
rice,28,70,18
copy,20,121,2
pulse,7,331,19
toothpaste,35,237,4
,17,286,6
frames,29,137,3
copy,37,495,7
shoes,44,215,9
,23,276,3
iron,40,453,16
slipper,33,206,11
watch,45,338,16
rice,31,57,14
laptop,18,237,20
slipper,27,204,3
frames,19,303,10
,10,392,4
watch,50,273,8
slipper,36,340,20
pipe,45,339,5
,7,148,10
frames,27,389,20
copy,29,133,14
chair,49,392,13
pencil,28,131,6
tops,38,118,13
laptop,44,154,16
earphone,6,425,13
plants,18,342,4
ball,7,486,9
chair,46,353,1
toothpaste,16,432,15
tshirt,10,357,9
balloons,36,273,1
shoes,25,222,9
pipe,32,55,8
table,48,372,1
copy,11,307,3
pen,43,52,19
rice,41,335,20
ball,37,409,7
iron,29,494,18
tops,37,185,12
toothpaste,19,200,20
table,9,363,7
laptop,10,422,12
pulse,16,452,7
earphone,35,321,20
watch,25,479,15
pencil,45,91,9
pen,12,269,5
pant,4,337,11
iron,9,333,13
mango,1,373,2
tops,41,455,16
,7,408,1
plants,37,233,6
bottle,14,365,5
books,11,227,8
pulse,10,418,19
pant,17,229,9
slipper,26,359,16
ball,39,394,5
bulb,32,182,2
,30,459,13
rice,49,226,5
plants,41,176,8
toothpaste,35,408,8
pipe,10,498,8
laptop,43,389,5
slipper,49,357,6
chair,39,387,14
pencil,25,482,15
grapes,32,345,6
books,37,411,3
wire,45,249,20
mango,11,365,10
pen,3,312,4
slipper,11,291,20
apple,2,149,15
,33,183,13
slipper,3,90,3
,10,134,17
pen,13,213,10
balloons,7,110,14
ball,28,498,6
tops,47,65,3
laptop,40,107,14
iron,22,443,15
plants,26,498,13
rice,23,371,1
bulb,8,496,1
plants,30,81,4
tshirt,13,123,7
wire,28,413,6
wire,20,114,2
slipper,10,77,4
ball,41,493,8
pencil,11,405,17
mango,17,459,5
bottle,32,466,4
copy,5,268,15
watch,13,72,18
shirt,24,262,4
shoes,13,76,11
balloons,16,81,9
pulse,36,335,11
iron,26,192,6
pipe,5,69,15
shoes,15,311,1
mobile,20,229,5
tops,46,322,9
iron,43,400,17
ball,17,217,2
mobile,33,232,7
shoes,39,248,5
tshirt,40,497,8
pant,44,252,20
shirt,20,310,13
shoes,26,182,8
shirt,19,241,5
bulb,49,216,6
bottle,21,397,7
ball,44,499,16
wire,43,333,16
bed,23,275,17
earphone,44,158,19
iron,13,427,10
bottle,38,207,5
grapes,4,176,20
pencil,37,229,10
pulse,19,476,17
grapes,18,177,6
pant,41,248,5
pant,19,106,5
shoes,36,207,17
watch,26,439,18
pant,5,358,5
pen,16,360,14
balloons,15,191,6
apple,12,437,1
mobile,16,336,12
laptop,6,398,10
balloons,8,338,5
shirt,19,472,4
rice,27,392,6
shoes,41,436,15
tshirt,9,208,10
pant,45,174,17
laptop,50,351,1
tops,44,60,8
bed,6,382,7
laptop,46,142,9
earphone,44,189,2
earphone,39,262,2
copy,40,480,15
wire,29,397,14
slipper,32,144,16
copy,2,64,1
mobile,7,116,15
watch,2,293,10
,24,68,7
laptop,5,114,4
bed,41,220,1
balloons,18,496,5
rice,43,275,4
grapes,9,452,3
balloons,50,223,5
mango,28,261,4
rice,12,465,7
plants,21,355,4
pulse,12,67,10
table,50,134,14
earphone,41,159,20
pencil,15,279,5
frames,44,319,16
bed,9,312,9
laptop,27,265,15
earphone,39,463,3
pant,11,389,12
books,16,334,16
tshirt,8,240,8
mango,24,393,1
earphone,24,237,5
bed,18,450,10
chair,19,265,9
copy,23,226,17
laptop,22,334,8
laptop,41,117,4
iron,11,259,9
pen,36,78,9
wire,49,346,19
iron,31,409,17
mobile,14,125,7
apple,41,169,8
mobile,2,488,8
toothpaste,9,225,2
rice,32,105,15
pant,31,337,18
wire,1,176,2
shoes,22,93,5
laptop,21,303,4
bulb,20,295,14
apple,18,435,9
earphone,5,366,17
shoes,38,111,14
,1,460,2
rice,27,69,20
toothpaste,31,211,2
toothpaste,50,52,9
slipper,1,384,17
bed,1,167,10
ball,20,384,19
pulse,22,399,6
mobile,30,82,1
tops,33,401,16
laptop,20,487,4
pipe,42,278,8
,22,423,13
shirt,36,229,14
toothpaste,23,153,17
tops,35,67,7
bulb,26,181,17
shirt,46,433,12
apple,47,119,16
tshirt,18,64,3
slipper,21,365,13
laptop,48,471,11
balloons,1,422,1
iron,50,449,4
pant,21,107,6
mobile,31,191,19
pulse,48,193,4
mobile,1,200,18
pulse,45,199,18
mango,33,370,2
apple,15,78,7
rice,48,179,16
,1,173,9
pipe,25,69,3
bottle,33,381,16
pulse,46,117,15
rice,7,95,19
rice,46,323,20
iron,32,451,10
pulse,30,473,12
balloons,25,424,13
pen,7,231,2
pencil,45,221,17
pant,38,294,4
,27,460,18
tops,43,321,13
pant,12,101,20
laptop,36,408,14
shirt,48,157,12
pencil,11,167,12
pipe,14,168,17
,19,124,3
tops,4,299,8
wire,28,403,9
rice,20,202,19
pant,45,301,20
earphone,10,305,4
pulse,37,364,2
toothpaste,48,404,8
tops,20,116,2
iron,23,135,10
chair,49,308,19
balloons,35,231,8
shirt,16,367,10
frames,48,386,14
shirt,46,276,11
tshirt,34,465,12
pen,9,383,1
pipe,1,297,17
pulse,45,371,19
shoes,25,454,2
bottle,35,459,19
books,5,342,11
bottle,40,438,4
table,20,377,20
pen,17,77,8
toothpaste,50,300,17
plants,39,164,11
,42,489,14
pencil,10,255,19
tops,37,161,5
laptop,8,77,20
pant,27,68,9
copy,26,219,18
earphone,41,500,4
mango,23,99,16
rice,25,344,12
books,48,193,6
rice,32,296,2
earphone,30,372,15
,35,356,18
apple,14,404,1
iron,47,456,11
pant,39,369,4
toothpaste,5,323,10
frames,8,357,2
balloons,48,327,13
mobile,36,409,4
tops,5,376,14
iron,43,467,14
toothpaste,41,335,9
plants,19,271,1
pencil,37,206,6
pulse,16,307,18
bed,18,420,8
books,50,381,18
table,19,414,14
laptop,41,396,17
watch,3,255,11
wire,5,121,11
mobile,40,248,1
wire,49,471,10
iron,25,119,18
tshirt,7,116,19
chair,25,441,12
shoes,44,83,12
pipe,26,321,6
iron,29,240,4
shoes,15,202,19
wire,34,270,13
toothpaste,31,326,5
tops,21,404,14
copy,19,421,15
apple,12,67,9
,24,105,19
shoes,2,82,1
bulb,21,80,7
earphone,49,131,6
grapes,23,64,7
pipe,20,165,19
grapes,18,321,17
pencil,41,367,11
earphone,27,77,5
ball,36,64,10
slipper,41,194,18
pulse,15,451,9
tops,5,106,7
bottle,48,360,10
rice,32,422,11
tops,12,198,8
pen,8,284,2
plants,43,199,8
pant,6,337,3
wire,33,228,8
watch,47,156,15
copy,29,154,11
frames,3,435,20
laptop,48,89,11
tshirt,6,124,5
shoes,3,278,9
wire,1,457,19
tshirt,25,80,16
bulb,24,268,14
pipe,11,270,12
mango,10,258,6
chair,31,284,3
bulb,37,95,7
earphone,32,66,13
iron,33,410,17
bulb,9,125,7
mobile,22,409,4
bed,39,492,20
books,21,461,7
tshirt,33,459,13
bulb,18,291,10
grapes,41,352,17
balloons,7,307,13
tops,34,449,7
balloons,49,490,1
mango,12,116,12
chair,45,392,17
grapes,26,262,6
plants,32,435,6
slipper,32,441,8
shoes,29,87,4
chair,12,284,8
bottle,38,332,19
pen,4,235,13
books,34,232,5
table,40,104,3
chair,20,62,15
pencil,32,156,10
bulb,41,476,13
ball,7,403,5
bottle,4,141,2
mango,43,373,14
pipe,28,76,18
watch,29,135,5
bottle,40,137,12
books,13,380,16
mobile,38,425,3
laptop,12,125,5
balloons,45,155,14
chair,18,424,19
pulse,8,205,16
laptop,1,107,20
laptop,50,221,17
copy,48,231,3
pulse,14,296,15
bottle,43,142,19
pencil,41,401,8
pant,14,499,3
earphone,37,229,19
plants,39,397,20
toothpaste,8,68,3
toothpaste,43,171,11
shirt,21,207,17
toothpaste,24,303,19
shirt,4,189,10
pencil,18,212,19
slipper,30,323,20
pencil,43,426,20
rice,23,160,18
bed,47,59,8
watch,14,259,6
earphone,7,273,1
pant,8,418,5
,40,52,13
plants,1,327,6
plants,25,267,11
grapes,38,495,5
pant,7,178,17
copy,42,163,13
laptop,8,344,2
bed,42,236,5
bed,47,458,6
pencil,21,93,10
laptop,8,76,15
earphone,38,338,7
copy,7,119,10
books,41,176,16
books,14,499,13
plants,37,330,2
mobile,29,267,14
pen,11,104,5
slipper,29,310,6
tops,43,325,18
frames,30,365,2
tops,41,159,11
slipper,15,113,4
toothpaste,45,483,11
pulse,1,250,1
grapes,35,148,8
chair,24,175,14
pipe,24,163,6
chair,28,158,8
chair,23,276,19
frames,44,190,7
pipe,1,169,7
apple,14,91,2
plants,27,498,15
tshirt,35,238,18
toothpaste,23,375,12
iron,4,359,5
pipe,46,432,19
chair,36,124,3
copy,44,334,1
earphone,2,252,8
frames,7,320,7
plants,3,490,8
shoes,25,244,9
slipper,31,454,8
laptop,13,232,7
wire,46,200,17
slipper,13,432,18
toothpaste,30,206,12
bed,26,304,4
balloons,33,407,17
slipper,15,379,6
balloons,2,459,6
tshirt,10,214,14
bulb,29,422,5
tops,2,154,6
frames,4,407,9
watch,20,266,5
slipper,32,213,9
tshirt,21,228,18
frames,37,184,15
rice,50,207,17
apple,17,289,9
laptop,48,223,8
grapes,30,320,10
watch,46,121,1
rice,20,164,1
apple,25,443,16
mango,39,467,2
tops,22,412,5
toothpaste,7,185,10
bulb,5,151,19
mango,39,79,4
frames,48,439,19
copy,3,215,19
bed,8,384,10
slipper,1,258,9
pant,2,343,15
pen,18,189,16
rice,4,271,17
toothpaste,18,442,7
slipper,11,393,4
mango,6,277,5
copy,7,332,18
tops,38,258,15
pen,12,101,7
ball,21,126,20
shoes,39,400,2
wire,1,409,12
pen,5,468,5
frames,5,106,16
watch,34,199,18
copy,35,391,5
tshirt,8,125,10
tshirt,36,472,3
toothpaste,17,357,11
tshirt,44,487,17
mango,9,196,3
balloons,50,75,19
books,43,186,6
,19,343,5
tshirt,18,247,18
bed,31,306,9
watch,2,113,17
mango,18,227,15
books,14,188,11
ball,2,91,17
bed,8,93,2
bulb,8,403,2
laptop,24,316,12
slipper,4,192,16
pant,27,346,3
pant,42,259,3
grapes,39,282,13
shoes,44,176,1
laptop,23,239,12
mobile,12,249,8
slipper,7,454,10
tops,24,247,20
mobile,29,187,10
wire,33,320,16
shirt,2,177,20
pen,29,257,4
tops,21,436,8
tshirt,18,186,3
mango,15,352,18
shoes,26,171,2
bulb,15,166,7
bulb,26,195,14
iron,1,55,11
earphone,49,59,8
books,17,65,15
plants,7,224,17
slipper,14,140,15
,18,130,6
laptop,9,257,12
,15,306,19
grapes,44,340,8
pant,1,191,16
mango,10,326,14
chair,30,72,19
bed,27,208,4
mobile,8,498,14
,7,101,15
bulb,15,114,12
grapes,12,60,8
ball,2,400,17
bottle,48,379,17
earphone,13,50,7
toothpaste,43,280,11
plants,38,143,7
frames,7,319,4
tshirt,48,382,1
copy,49,165,9
shirt,44,296,17
tops,4,222,15
table,42,486,10
pant,4,397,1
copy,11,312,18
plants,24,481,7
books,8,293,16
shoes,43,441,14
balloons,19,276,2
copy,7,136,8
earphone,50,495,13
toothpaste,13,457,12
toothpaste,43,161,7
apple,10,388,19
frames,23,301,1
pulse,18,287,13
grapes,19,375,19
iron,8,289,4
,18,139,2
books,43,85,11
earphone,7,407,9
frames,18,226,17
toothpaste,29,231,11
wire,26,295,1
tops,40,185,2
shirt,24,204,18
pant,18,205,19
mobile,49,282,9
balloons,22,408,10
books,40,385,15
shirt,34,125,8
toothpaste,40,491,5
shoes,45,234,20
tops,50,201,15
copy,11,120,18
balloons,14,129,17
,29,233,8
chair,24,73,9
balloons,50,272,8
pen,49,277,10
mango,24,217,14
slipper,11,112,17
plants,36,65,18
iron,30,111,10
frames,19,414,17
apple,6,187,1
toothpaste,36,357,14
frames,49,145,20
tshirt,25,69,11
copy,20,385,10
table,46,451,3
shirt,23,448,20
pen,26,469,16
rice,29,299,17
copy,25,113,17
rice,14,484,17
laptop,17,491,10
bulb,26,76,9
apple,18,365,5
rice,20,424,18
shoes,48,422,4
pencil,11,198,16
bed,39,407,16
pipe,40,254,9
bed,6,236,5
bed,4,310,2
pulse,17,301,13
pipe,50,122,19
pipe,24,452,8
apple,26,337,6
frames,18,362,13
,17,483,5
rice,8,336,1
slipper,25,258,9
tops,44,238,20
tops,23,57,2
shoes,41,209,8
copy,48,437,6
rice,12,416,18
watch,13,322,15
copy,35,497,6
pipe,39,86,1
rice,29,240,18
grapes,30,138,12
shoes,32,393,4
iron,5,413,5
books,30,96,5
table,27,216,19
balloons,35,487,15
iron,9,113,8
tops,12,402,15
ball,6,79,7
toothpaste,2,434,16
earphone,41,496,6
frames,45,213,10
pen,25,279,1
copy,19,63,15
mango,25,336,7
pencil,20,265,2
wire,43,362,13
shoes,45,258,17
bulb,49,246,3
copy,27,183,14
ball,13,360,12
tops,38,347,7
bed,9,359,7
tops,23,435,11
laptop,17,412,20
apple,15,192,12
pen,29,73,7
ball,23,188,2
wire,34,193,5
tops,28,300,19
iron,37,237,18
bulb,39,259,10
mango,30,147,7
tshirt,12,311,20
slipper,2,79,10
watch,38,261,3
bed,17,124,16
slipper,24,203,17
table,33,66,14
bulb,4,403,13
pencil,15,455,2
bottle,17,114,17
books,9,281,12
laptop,16,390,17
bulb,19,492,2
mobile,20,93,5
copy,15,344,15
pipe,38,191,18
pant,3,277,5
earphone,3,462,6
balloons,2,264,6
wire,41,410,5
grapes,36,356,8
,41,437,17
earphone,19,347,8
plants,42,123,16
chair,41,247,9
table,36,295,15
pant,15,404,1
mobile,19,215,7
apple,48,174,19
pen,46,467,18
pulse,11,302,6
pen,49,468,11
mobile,49,296,2
watch,36,186,6
mobile,4,272,4
iron,8,479,5
toothpaste,48,187,16
tops,30,83,1
grapes,32,304,12
pencil,13,462,7
pencil,6,282,19
shoes,19,477,18
pant,5,133,14
bed,50,422,18
books,22,93,12
chair,12,76,12
pulse,30,75,15
earphone,2,95,5
pant,11,422,11
frames,40,68,7
books,49,132,17
grapes,11,487,2
apple,47,198,18
grapes,18,50,19
iron,39,297,2
rice,37,75,10
rice,21,118,20
books,33,276,16
laptop,46,486,13
grapes,41,326,4
books,6,400,1
mango,48,240,20
bulb,25,282,12
pen,26,404,2
pulse,6,383,18
pant,13,118,2
apple,36,277,4
,16,93,12
shirt,18,468,19
pen,3,339,11
bulb,16,468,4
copy,50,144,6
tshirt,31,322,1
books,31,262,13
grapes,20,329,2
mobile,12,213,5
toothpaste,19,282,15
pipe,25,91,10
pipe,16,203,19
apple,6,455,4
rice,22,388,16
frames,20,307,12
bottle,9,262,4
iron,19,153,19
table,19,293,17
mango,3,294,20
tops,17,400,12
toothpaste,45,323,11
pencil,22,410,6
shoes,10,82,3
apple,48,277,20
shoes,45,392,18
watch,30,86,1
earphone,16,151,13
bottle,43,301,2
chair,28,492,20
bulb,41,348,14
mango,7,469,12
chair,7,194,17
pen,1,423,10
mobile,7,290,16
apple,39,396,12
copy,26,307,10
mango,19,80,13
pencil,26,433,20
shoes,9,305,2
slipper,5,308,20
tops,20,222,4
iron,30,308,1
bottle,36,270,7
copy,32,296,13
chair,37,186,15
pencil,17,176,15
shoes,7,311,10
shirt,1,333,1
mobile,20,115,5
bulb,38,337,9
laptop,20,351,19
grapes,2,298,6
grapes,24,79,19
pen,45,151,20
,6,350,13
slipper,11,181,7
shoes,42,217,18
shoes,28,391,12
slipper,2,256,20
bed,38,100,16
balloons,34,426,12
mango,35,319,3
frames,25,231,4
mobile,23,387,1
wire,29,120,9
frames,42,79,6
mango,47,390,3
copy,45,60,14
grapes,33,311,1
wire,32,150,16
laptop,49,51,11
bottle,41,328,20
pulse,50,313,16
shirt,38,234,6
pipe,39,300,10
grapes,9,216,7
pulse,49,165,5
copy,28,106,8
,27,438,10
wire,42,115,9
frames,48,241,5
shirt,32,472,5
plants,19,69,17
earphone,34,461,10
bulb,25,79,13
chair,16,221,18
laptop,20,186,12
pencil,28,322,4
chair,16,212,13
watch,6,364,7
bed,20,261,20
pen,20,500,10
books,38,196,2
ball,33,329,9
ball,28,78,20
tops,28,485,7
rice,39,105,7
tshirt,10,51,11
mango,48,85,5
plants,11,295,20
watch,8,291,14
plants,26,322,2
pen,5,308,19
,43,500,19
bulb,37,124,15
chair,15,248,15
rice,29,62,15
wire,37,373,5
bulb,30,277,17
copy,24,335,12
slipper,22,314,10
pen,9,439,7
watch,22,409,17
pencil,39,449,11
laptop,11,440,7
pen,37,310,4
pant,37,379,18
shoes,48,376,2
pulse,23,295,10
laptop,25,281,12
mobile,12,492,17
mango,48,299,10
shirt,15,154,15
earphone,15,271,19
,26,220,12
iron,15,491,2
plants,28,127,10
frames,4,454,9
balloons,2,296,1
pen,11,403,18
,14,346,11
toothpaste,42,401,7
pencil,30,140,10
shirt,15,330,11
frames,48,51,2
watch,25,301,6
toothpaste,23,158,19
mobile,5,195,7
frames,36,481,18
grapes,6,339,7
,47,66,12
pen,11,236,12
pen,15,335,4
watch,32,123,19
ball,36,224,8
books,27,387,17
plants,29,454,17
shoes,33,499,8
shoes,27,308,12
balloons,22,206,12
shoes,50,382,16
grapes,16,467,17
mobile,35,427,5
watch,42,174,15
bulb,49,442,2
shirt,24,92,11
pipe,10,362,19
pant,29,399,16
plants,41,110,16
pant,28,143,3
plants,2,261,16
frames,36,91,3
frames,2,54,5
grapes,21,84,1
pulse,18,358,5
iron,3,106,1
shoes,49,175,6
shirt,10,369,5
pant,29,446,14
iron,42,460,2
books,4,388,16
pen,6,149,19
slipper,14,336,1
pant,37,150,16
bottle,44,174,17
watch,37,277,3
table,32,394,2
bottle,6,439,13
pen,33,289,16
earphone,15,178,8
earphone,14,470,17
watch,48,183,6
tops,21,343,6
wire,6,64,20
pencil,9,268,17
pen,48,50,10
copy,44,55,10
pant,1,162,11
apple,24,256,9
shirt,28,174,19
toothpaste,26,265,1
rice,29,168,13
shoes,8,452,12
apple,42,256,13
laptop,22,350,1
tops,13,397,16
frames,44,397,9
tshirt,33,213,3
mobile,32,213,7
,7,149,19
plants,21,103,6
,4,251,5
toothpaste,6,248,9
grapes,45,412,3
bottle,49,318,18
tshirt,48,341,9
iron,34,459,14
pipe,2,462,1
pipe,28,352,3
bed,37,129,20
wire,10,207,17
iron,46,500,12
books,50,450,12
toothpaste,6,189,2
grapes,13,460,14
table,26,73,15
bed,42,138,11
shirt,28,370,7
mobile,43,480,8
toothpaste,39,129,8
ball,13,175,19
pant,35,309,16
wire,35,444,18
iron,48,304,1
tshirt,17,241,12
frames,33,102,5
frames,8,426,13
toothpaste,35,465,18
balloons,21,364,15
toothpaste,3,411,16
watch,13,187,17
watch,22,439,10
iron,12,445,11
tshirt,10,473,13
ball,46,90,16
wire,6,371,15
tops,25,366,9
bulb,35,299,16
copy,42,425,2
grapes,20,149,5
mango,37,97,12
laptop,6,163,12
bed,20,98,7
copy,17,417,15
bed,19,493,2
laptop,15,451,6
table,4,488,3
toothpaste,35,336,14
copy,24,112,9
laptop,46,61,4
pencil,2,245,13
tshirt,3,284,15
bulb,42,160,6
,11,354,15
books,22,464,4
,20,190,6
,8,224,9
wire,35,62,11
wire,7,482,18
frames,14,481,2
shoes,8,350,6
mango,19,224,18
balloons,3,416,2
shoes,26,500,13
bulb,37,265,4
balloons,42,292,10
copy,34,336,14
bed,4,416,6
rice,41,273,17